cycle,request0,request1,request2,request3,grant0,grant1,grant2,grant3,select0,select1,active,token0,row
0,0,0,0,0,0,0,0,0,0,0,0,1,800
1,1,1,1,1,1,0,0,0,0,0,1,1,c1f
2,1,0,0,0,1,0,0,0,0,0,1,1,c11
3,1,1,0,1,1,0,0,0,0,0,1,1,c1b
4,0,0,1,0,0,0,0,0,0,0,0,0,004
5,0,1,1,1,0,0,1,0,0,1,1,0,64e
6,0,1,0,0,0,0,0,0,0,0,0,0,002
7,1,0,0,1,0,0,0,0,0,0,0,0,009
8,1,1,1,0,0,0,0,0,0,0,0,1,807
9,0,0,0,1,0,0,0,0,0,0,0,0,008
10,1,0,1,0,0,0,0,0,0,0,0,1,805
11,1,1,0,0,1,0,0,0,0,0,1,1,c13
12,0,0,0,0,0,0,0,0,0,0,0,1,800
13,1,1,1,1,1,0,0,0,0,0,1,1,c1f
14,1,0,0,0,1,0,0,0,0,0,1,1,c11
15,1,1,0,1,1,0,0,0,0,0,1,1,c1b
16,0,0,1,0,0,0,0,0,0,0,0,0,004
17,0,1,1,1,0,0,1,0,0,1,1,0,64e
18,0,1,0,0,0,0,0,0,0,0,0,0,002
19,1,0,0,1,0,0,0,0,0,0,0,0,009
20,1,1,1,0,0,0,0,0,0,0,0,1,807
21,0,0,0,1,0,0,0,0,0,0,0,0,008
22,1,0,1,0,0,0,0,0,0,0,0,1,805
23,1,1,0,0,1,0,0,0,0,0,1,1,c13
24,0,0,0,0,0,0,0,0,0,0,0,1,800
25,1,1,1,1,1,0,0,0,0,0,1,1,c1f
26,1,0,0,0,1,0,0,0,0,0,1,1,c11
27,1,1,0,1,1,0,0,0,0,0,1,1,c1b
28,0,0,1,0,0,0,0,0,0,0,0,0,004
29,0,1,1,1,0,0,1,0,0,1,1,0,64e
30,0,1,0,0,0,0,0,0,0,0,0,0,002
31,1,0,0,1,0,0,0,0,0,0,0,0,009
32,1,1,1,0,0,0,0,0,0,0,0,1,807
33,0,0,0,1,0,0,0,0,0,0,0,0,008
34,1,0,1,0,0,0,0,0,0,0,0,1,805
35,1,1,0,0,1,0,0,0,0,0,1,1,c13
36,0,0,0,0,0,0,0,0,0,0,0,1,800
37,1,1,1,1,1,0,0,0,0,0,1,1,c1f
38,1,0,0,0,1,0,0,0,0,0,1,1,c11
39,1,1,0,1,1,0,0,0,0,0,1,1,c1b
40,0,0,1,0,0,0,0,0,0,0,0,0,004
41,0,1,1,1,0,0,1,0,0,1,1,0,64e
42,0,1,0,0,0,0,0,0,0,0,0,0,002
43,1,0,0,1,0,0,0,0,0,0,0,0,009
44,1,1,1,0,0,0,0,0,0,0,0,1,807
45,0,0,0,1,0,0,0,0,0,0,0,0,008
46,1,0,1,0,0,0,0,0,0,0,0,1,805
47,1,1,0,0,1,0,0,0,0,0,1,1,c13
