claim_id,claim,mathematical_evidence,implementation_or_checker,test_or_experiment,raw_result,manuscript_location,maturity,fresh_recheck,limits
C1,Universal finite class localization equals absence of a common subsequence of length h-d,proofs/trace_contract.md section 1,src/trace_engine.py grid; src/check_certificate.py matching,tests/pilot.py,results/pilot.json,Proposition 1 and observation contract,proved in ordinary mathematics; finite checked,rechecked; results/clean-reproduction/reproduction.json and retained per-command logs,Equal horizons; synchronized silent row deletion only
C2,Local blocking certificate is sound and complete,proofs/trace_contract.md sections 2-3,src/check_certificate.py verify_frontier,tests/kernel_pilot.py; tests/test_contract.py,results/kernel-pilot.json; results/contract-tests.json,Theorems 3 and 5,proved in ordinary mathematics; finite checked,rechecked; results/clean-reproduction/reproduction.json and retained per-command logs,Not a mechanically proved consumer; classical frontier credited
C3,A separated pair has a tap core of at most (d+1)^2,proofs/trace_contract.md section 3,src/trace_engine.py frontier; src/check_certificate.py verify_frontier,tests/kernel_pilot.py,results/kernel-pilot.json,Theorem 5; Fig.1,proved in ordinary mathematics; finite checked,rechecked; results/clean-reproduction/reproduction.json and retained per-command logs,Per pair only; global interface can be larger; priority unresolved
C4,Some pairs need all 2d+1 taps,proofs/trace_contract.md section 4,tests/test_contract.py lower_bound_family,d=0..6 exact cases,results/contract-tests.json,Proposition 6,proved in ordinary mathematics; finite checked,rechecked; results/clean-reproduction/reproduction.json and retained per-command logs,Linear lower and quadratic upper do not match
C5,Alignment refinement returns exact minimum positive integral cost on bounded instances,proofs/trace_contract.md section 5,src/trace_engine.py synthesize; src/check_certificate.py validate,432 original cases; 28 public-RTL cases; 120 weighted cases; 120 permutations,results/campaign/; results/rtl-campaign/; results/contract-tests.json,Theorem 8; Section VII; Tables IV--VI,proved in ordinary mathematics; 460 measured exact finite agreements,rechecked; results/clean-reproduction/reproduction.json reproduces 460 packets,Consumer explicitly enumerates cheaper masks; 12-tap bound
C6,Minimum per-record deletion budget has a collision-plus-below-coverage certificate,proofs/trace_contract.md section 6,src/trace_engine.py minimum_loss; src/check_certificate.py validate,All 460 full-interface margin packets,results/campaign/certificates/; results/rtl-campaign/certificates/,Theorem 9,proved in ordinary mathematics; finite checked,rechecked for all 460 cases in results/clean-reproduction/reproduction.json,Full-interface margin; not selected-interface margin or shortest execution
C7,432 cases yield 85 feasible and 347 infeasible; 327 zero-loss aliases,fixed exact task models/campaign.json,src/summarize.py,complete declared finite matrix,results/summary/summary.json; results/campaign/,Section VII; Table II,measured; exact consumer and oracle agreement,rechecked; results/clean-reproduction/reproduction.json and retained per-command logs,"Six specification examples, not 432 independent designs"
C8,No-loss and marked controls have 55 and 24 false-coverage selections; marginal misses 28,observation predicates stated in manuscript,src/run_campaign.py; src/summarize.py,all control masks rechecked under actual deletion semantics,results/summary/baselines.csv,Table III,measured,rechecked; results/clean-reproduction/reproduction.json and retained per-command logs,Controls differ in predicate; no external-baseline speed claim
C9,20 deliberately invalid packets rejected,specific violated obligations retained,src/check_certificate.py,tests/test_contract.py,results/contract-tests.json,Section VI-C and VII-E,finite checked,rechecked; results/clean-reproduction/reproduction.json and retained per-command logs,No unrestricted hostile-input safety claim
C10,Local checking at fixed d does not scan matching prefixes,proofs/trace_contract.md section 3 complexity,src/check_certificate.py verify_frontier; src/microbenchmark.py,20 deterministic cases with five batches,results/microbenchmark/raw.json; results/microbenchmark/summary.csv,Fig.3 and Section VII-F,proved operation bound; measured Python timing,rechecked; results/clean-reproduction/reproduction.json and retained per-command logs,Exclude parsing/replay/selection; timing not device or full-workflow speedup
C11,Shift-register wrong-feedback/rotate alias persists for all inputs/horizons from an admitted initial state,proofs/trace_contract.md section 8; models/alias-witness.json,src/check_alias.py,three-state six-transition closure check,results/alias-check.json,Section VII-D,ordinary invariant proof and finite transition check,rechecked; results/clean-reproduction/reproduction.json and retained per-command logs,Only the exact supplied finite table model
C12,Original finite campaign resource use: 2.214764803 CPU sec; 93612 KiB process peak; one worker,timing boundaries in runner,src/run_campaign.py,complete campaign,results/campaign/runs/chunk-1.json,Section VII-G,measured retained reference run after exact bit-parallel oracle optimization,fresh clean replay records distinct timing; retained reference is preserved,Nested producer/checker time not additive; RSS process-cumulative
C13,Unique compatible class for every admitted observation under coverage,Section II-E direct argument; definition of compatible set,no online decoder throughput implementation claimed,logical consequence of C1,not an empirical claim,Equation (6) and its accompanying proof,proved direct consequence,mathematical self-audit,No out-of-model assignment; no decoder throughput claim
C14,Projection to more taps cannot increase LCS; coverage is upward-closed and a full-interface collision is globally irreparable by tap removal,proofs/trace_contract.md Lemma 1A,src/trace_engine.py full-interface precheck; src/check_certificate.py replay,All 432 cases retain full-interface minimum-loss evidence; monotonicity used only as a mathematical implication,results/campaign/certificates/; results/summary/summary.json,Lemma 2 and Section II-B,proved in ordinary mathematics; finite behavior consistent,proof and manuscript reconciled; clean reproduction replays full-interface evidence,Joint synchronized projections only; changing loss semantics requires a new proof
C15,"Pinned public UART simulation is translated exactly from retained source and 33 raw traces into 1,584 finite table cells and a fixed 28-case campaign",proofs/rtl_bridge_contract.md,rtl/ben-marshall-uart/rebuild.py; rtl/ben-marshall-uart/import_traces.py; src/check_rtl_bridge.py,Three upstream files; two compatibility copies; 33 traces x 48 rows; exact campaign-membership reconstruction,results/rtl-bridge-check.json; rtl/ben-marshall-uart/trace_manifest.json; rtl/ben-marshall-uart/import_report.json,Section VII-C,exact retained source/trace/table integrity check; isolated simulator regeneration,clean replay regenerated all 33 traces and compared model/campaign; results/clean-reproduction/reproduction.json,"One deterministic simulation bridge; no synthesis, place-and-route, recorder, electrical fault, or silicon validation"
C16,"The frozen public-RTL matrix has 28 cases: 12 feasible and 16 infeasible, with 8 zero-loss aliases; all exact costs and statuses agree with the exhaustive oracle",Same finite contract and Theorems 1--9,src/run_campaign.py; src/check_certificate.py; src/summarize.py,24 Cartesian core cases plus four offset controls,results/rtl-summary/summary.json; results/rtl-campaign/,Section VII-C and VII-G,measured exact finite agreement on imported RTL traces,28 certificates and deterministic case fields reproduced in results/clean-reproduction/reproduction.json,One UART source and controlled one-cycle interventions; not design diversity or physical fault coverage
C17,Six targeted source-to-campaign corruptions are rejected,proofs/rtl_bridge_contract.md obligations 1--6,src/check_rtl_bridge.py,"tests/test_rtl_bridge.py mutates source, compatibility output, trace, fault metadata, table cell, and campaign membership",results/rtl-bridge-mutations.json,Abstract; Section VII-C,finite integrity mutation testing,all six rerun and rejected in clean reproduction,"Targeted obligation tests, not an unrestricted malicious-input security claim"
C18,"The bit-parallel LCS-length oracle used for exhaustive selection agrees with the conventional grid on 1,280 seeded word/mask cases",Classical exact bitset LCS identity; grid remains in alignment and minimum-loss evidence,src/trace_engine.py lcs_length; tests/test_contract.py,"1,280 seeded binary word/mask comparisons",results/contract-tests.json,Section VII-A and VII-G,finite cross-implementation check,rerun in results/clean-reproduction/reproduction.json,Not a new LCS algorithm or a proof of arbitrary-precision implementation correctness
C19,"Complete clean replay reproduces seven generated model/task files, 1,584 RTL cells, 460 certificates and deterministic case fields, both mutation suites, both campaigns, and 20 benchmark structures","Reproduction is evidence replay, not a mathematical proof",reproduce.py,Single-worker clean run with optional isolated Icarus Verilog 13 recompilation,results/clean-reproduction/reproduction.json and retained command logs,Section VII-E; Artifact Availability,passed clean command and evidence reproduction,28.982415748 wall sec; 38.271566 child CPU sec; 96304 KiB child peak RSS,"Trusts Python, simulator semantics, supplied declarations, and checker code; not independent review or proof assistant"
