h,d,m,local_records,lcs_grid_cells,proof_json_bytes,kernel_taps,checker_median_us,frontier_median_us,lcs_median_us
32,1,3,4,1089,48,3,2.247539999999937,3.8964000000007992,133.6585000000015
64,1,3,4,4225,48,3,2.2298099999995546,6.594779999999911,528.8102499999975
128,1,3,4,16641,52,3,2.168219999999499,10.982099999998773,2080.1165000000065
256,1,3,4,66049,52,3,2.2153899999999282,20.04596000000136,8313.300500000008
512,1,3,4,263169,52,3,2.3068199999998207,42.960400000002785,42376.839999999975
32,2,5,9,1089,77,5,4.800719999999981,5.460720000001196,148.70643749999303
64,2,5,9,4225,77,5,4.955159999999736,8.074580000001497,534.4086249999824
128,2,5,9,16641,86,5,4.518610000001644,12.357559999998102,2318.2824999999907
256,2,5,9,66049,86,5,4.720910000000078,25.525299999999973,8839.491499999964
512,2,5,9,263169,86,5,5.002130000000271,47.130199999996236,46381.40599999985
32,3,7,16,1089,116,7,7.935889999999279,7.732679999996605,258.8844375000093
64,3,7,16,4225,116,7,7.83242999999878,10.435499999998932,1162.6077499999888
128,3,7,16,16641,132,7,8.214300000000119,16.00716000000002,2126.888499999979
256,3,7,16,66049,132,7,8.54979000000089,24.310700000000907,8463.848999999967
512,3,7,16,263169,132,7,8.199879999999382,48.24463999999473,39417.464999999655
32,4,9,25,1089,165,9,12.382390000000854,11.344260000001327,138.83618749999104
64,4,9,25,4225,165,9,14.750900000000122,13.357640000002391,592.5649999999894
128,4,9,25,16641,190,9,12.379089999998705,18.14713999999995,2099.445250000054
256,4,9,25,66049,190,9,11.897169999999235,27.500240000000176,8709.944500000067
512,4,9,25,263169,190,9,13.318380000000296,50.686479999999534,41016.79000000002
